var,iso2,Verh_IL,Verh_IL_old,Verh_EU,Verh_Top3,Verh_CH,Verh_CN,Verh_JP,Verh_KR,Verh_US,Verh_AT
B_D2,NZ,49.621273,48.503082,74.750793,35.492748,45.866425,274.22382,83.030441,130.5105,76.163933,58.559338
B_A1,FR,87.727814,88.851883,103.36441,52.886917,78.269508,109.93775,79.490875,85.70063,59.032555,142.93263
B_A1,RO,60.216919,60.571156,64.963127,42.945896,66.1483,86.030594,128.87282,93.748749,133.62914,72.092949
B_A1,AT,90.187012,90.529663,97.081467,50.526695,74.433983,109.98826,100.47504,108.27188,72.186501,100
B_A1,DK,109.1747,110.281,125.41971,63.674595,94.66507,109.97197,108.27175,112.9512,76.126518,159.17261
B_A1,CN,92.999634,94.002914,104.02482,85.362083,84.025597,100,89.793617,111.43923,93.2034,90.918793
B_A1,CZ,85.168098,85.885986,91.018837,48.697025,74.332253,97.876396,98.301041,93.030373,73.029259,100.9362
B_A1,FI,96.814392,97.850067,110.7692,56.490349,85.276176,118.76018,98.230789,100.23605,72.056427,141.57104
B_A1,IN,59.934563,60.581135,67.039856,55.012466,54.15115,64.446022,57.868408,71.818146,60.06588,58.593544
B_A1,IL,112.72443,114.03821,116.20894,56.859669,82.323074,107.29336,96.649956,106.75152,70.354378,109.98611
B_A1,NL,105.51736,107.07248,124.17059,62.141987,94.396194,112.11777,99.139381,104.5174,69.857758,169.00235
B_A1,LV,93.873795,94.410385,96.273819,48.719818,79.307983,84.522018,101.09543,97.115089,73.606247,94.551445
B_A1,KR,110.02619,111.00888,111.56353,55.192276,78.306358,89.735008,93.244125,100,71.122704,106.32782
B_A1,CY,95.580109,96.187691,107.12296,63.631191,99.476486,88.743057,138.05615,96.80481,143.96771,121.05304
B_A1,HR,141.06096,142.92273,180.1376,89.884811,98.331779,74.344742,132.55588,100.91677,127.55132,220.93283
B_A1,DE,90.65715,91.523491,101.19144,53.071964,80.583199,100.48397,93.317398,102.94384,63.625988,120.16652
B_A1,LU,90.641502,91.386108,101.47912,53.837536,70.857864,113.67255,88.768021,86.832031,69.53717,116.67106
B_A1,NO,104.63077,105.91055,119.15731,63.082069,95.14325,103.79312,97.013954,97.285652,70.80909,169.00003
B_A1,CR,175.76468,174.21375,172.16025,90.51741,119.23991,85.35762,145.69695,153.92397,120.75054,155.144
B_A1,SK,90.02578,90.326424,92.307938,47.20509,74.310028,85.17775,95.000565,91.827118,71.11731,90.406029
B_A1,AU,139.1783,140.16061,144.17145,68.18914,101.58297,101.30974,119.1647,136.40009,80.174263,131.43675
B_A1,NZ,134.77902,136.22626,139.80598,65.469711,97.342331,104.20358,115.13518,128.89729,80.796616,130.25023
B_A1,US,209.01396,210.22304,224.36632,83.669815,145.03574,107.29222,180.59927,245.46391,100,190.59836
B_A1,MX,128.94138,130.49678,128.64751,62.154633,90.046082,74.314735,107.80581,112.17391,83.834824,126.69602
B_A1,CL,180.52441,183.9765,180.93336,82.166191,119.00847,83.646629,148.94624,142.92812,127.30457,185.73514
B_A1,BE,86.016823,86.86834,97.941345,50.325851,74.497688,98.899673,84.491768,88.022629,62.188354,122.82276
B_A1,UK,145.37094,147.48878,169.27951,76.091751,132.6395,106.7363,148.56129,181.26357,87.252808,211.0686
B_A1,EE,104.9939,105.19179,107.45095,56.222878,87.175148,105.33836,112.68204,103.89983,85.784866,105.86128
B_A1,ES,89.294868,90.26088,100.26393,52.23222,79.313377,93.507538,91.44381,98.432198,63.554771,125.34859
B_A1,JP,109.76311,110.33274,112.45824,56.115971,81.608727,111.36649,100,113.35032,72.220161,105.02029
B_A1,IT,77.951355,78.666878,85.874069,45.970234,68.882019,90.925285,83.153725,83.949257,60.386162,102.22207
B_A1,MT,78.499626,79.450058,91.256203,54.863281,81.817001,86.097755,101.92252,103.4222,94.470848,101.90775
B_A1,CO,115.90615,115.86389,116.1481,60.040768,84.85006,81.228958,98.188828,111.91191,71.783493,105.41393
B_A1,IS,111.01355,111.83543,114.57576,56.526752,81.564568,104.00096,95.458847,107.76,67.351204,105.55363
B_A1,BG,80.024017,80.230309,85.543907,54.433563,84.07341,77.936249,174.5112,87.621033,189.09738,96.871544
B_A1,IE,117.23263,118.34023,128.0775,62.433376,98.323181,113.44974,130.67046,132.49115,95.27224,146.15726
B_A1,EL,78.657791,79.243073,84.39444,44.049232,65.367935,89.686897,86.939369,89.71801,64.754883,92.115791
B_A1,HU,97.752846,98.030968,102.49099,53.865902,83.220177,81.853523,119.74816,105.36349,89.129761,107.69746
B_A1,CH,126.57229,127.48244,135.17883,69.069885,100,119.01135,126.97112,132.79422,96.055237,152.28174
B_A1,TR,99.998665,100.34132,98.159172,51.359859,74.660484,73.690178,100.21181,80.903419,81.8983,98.838211
B_A1,SI,93.79776,94.156265,96.63958,49.621357,79.126366,96.103233,100.58715,98.277397,73.398392,93.904251
B_A1,CA,147.37714,148.31754,156.03323,65.487167,107.23321,98.68615,132.9073,163.02711,85.44445,138.0592
B_A1,LT,104.55177,104.91637,106.64533,54.648941,88.955742,91.546265,115.36508,105.07813,85.314445,104.51633
B_A1,PT,85.632202,86.502953,94.952812,49.650978,74.925781,101.4281,91.314034,91.074707,67.621223,115.83039
B_A1,SE,107.47234,108.90649,127.37305,63.535725,95.256813,97.886902,99.297417,101.40574,69.452324,174.8452
B_A1,PL,84.991852,85.502335,89.70665,46.08886,71.281799,79.247803,101.05,96.131378,75.014854,95.747742
B_A2,NL,115.09547,119.26417,136.96388,71.043968,131.96767,78.451813,117.21107,90.371223,134.80212,136.74368
B_A2,PT,93.374458,94.34465,103.9073,59.801655,107.54381,67.640686,78.074432,71.895721,90.798096,100.38507
B_A2,IE,115.19679,116.5227,124.09068,65.443375,118.68668,77.965622,85.826431,78.415108,108.35491,123.55503
B_A2,CH,95.583496,96.892609,111.53155,60.99902,100,74.573395,77.017906,71.76825,90.248283,108.07854
B_A2,EE,111.9846,112.23234,129.56116,70.436424,129.66029,95.479401,112.97562,105.25538,129.49249,128.65555
B_A2,BG,83.482353,85.205544,90.697021,49.073044,80.935074,49.590797,85.128662,62.682499,91.16674,102.38098
B_A2,NO,99.663429,100.15643,114.58102,67.059883,122.80228,70.698563,97.592934,86.13916,97.894028,112.03311
B_A2,CA,204.9272,207.56252,179.89772,73.043526,241.71767,95.788811,97.593452,87.304596,119.38502,204.64949
B_A2,IL,107.20132,108.29504,103.94739,52.307556,125.42972,64.601631,73.797211,66.212646,79.938141,114.11674
B_A2,AT,95.968788,97.170982,109.57449,63.328278,105.13745,68.887085,77.767136,71.569351,95.224197,100
B_A2,HR,120.64685,122.45414,121.00449,58.873341,115.64214,63.299164,68.859589,64.355507,89.71666,125.02216
B_A2,SI,124.08071,129.7561,145.33202,69.114532,151.7648,73.242493,182.48898,115.02719,155.77348,176.52324
B_A2,EL,135.93192,146.28986,157.20694,58.249134,169.03783,47.895187,258.07288,134.51993,215.65495,236.11139
B_A2,HU,95.428391,95.978783,98.874069,54.297554,97.349556,65.296318,69.597122,63.825092,86.335304,99.550133
B_A2,DK,98.974327,99.96331,113.96642,64.503433,115.87088,68.390175,91.282661,79.430489,103.66182,111.70203
B_A2,TR,126.38615,127.50668,110.22183,46.883907,124.71199,67.200806,76.767952,67.732826,86.428841,127.30946
B_A2,PL,103.9011,106.14698,121.6479,64.320335,124.75501,79.673996,114.71263,89.701004,129.89503,131.33113
B_A2,CL,81.398338,82.220688,79.310135,42.83316,103.94193,49.093285,60.544113,55.928917,65.512589,86.180313
B_A2,RO,58.428974,59.456299,66.404213,39.696495,61.866497,47.878544,58.914326,51.18399,66.304649,67.619751
B_A2,AU,139.97617,140.54688,137.45,65.742012,177.62701,77.708702,95.586487,85.042923,105.92958,147.6402
B_A2,LV,150.13127,152.65341,144.21365,65.066574,144.69485,79.769424,82.515045,75.014458,120.06287,147.98903
B_A2,JP,133.01355,134.13628,157.89676,78.985405,140.59227,109.51927,100,92.781845,141.55222,147.18105
B_A2,BE,91.470047,92.17482,104.05114,61.180206,112.18272,73.470734,80.93203,74.17524,88.709747,98.509346
B_A2,NZ,216.20802,217.76909,176.39709,64.530777,252.07149,93.886436,86.781395,79.46862,103.64394,207.8175
B_A2,US,139.96455,140.91217,134.67918,64.853912,161.25134,81.029663,84.807777,77.04174,100,143.05804
B_A2,CR,87.350037,87.694565,84.433372,45.086811,106.55618,55.385468,69.214661,64.222092,68.940071,89.80394
B_A2,FI,111.45634,112.36787,130.97108,73.499428,125.84594,80.616447,96.693459,86.954338,115.99057,124.50357
B_A2,UK,108.9628,109.63068,120.31647,66.355522,118.19033,82.933311,85.839798,78.053802,104.85713,116.92762
B_A2,DE,91.235329,91.931297,103.55523,60.178249,107.16028,74.68277,85.353912,76.460808,95.357063,99.365364
B_A2,IN,43.455853,42.599308,51.159863,32.682858,133.20206,,62.565231,43.23698,46.092102,54.914455
B_A2,CO,74.25251,75.019623,75.358009,42.70536,90.498329,63.000969,63.044159,60.420345,64.357872,76.916756
B_A2,IS,101.01524,100.70695,115.51302,67.314034,121.99593,59.957413,97.971344,87.36335,101.0487,113.58053
B_A2,LU,103.39192,103.74757,116.20488,65.377167,115.69221,66.198807,89.166092,78.137634,91.61235,111.16939
B_A2,CY,140.5293,141.33804,125.10059,54.187305,131.84492,60.29501,62.431553,57.773087,83.370056,139.91383
B_A2,LT,97.148483,98.679573,105.32513,55.777061,102.16776,64.597404,87.474174,72.481812,100.58448,109.40434
B_A2,MT,265.306,267.64185,193.75241,54.794537,269.45761,92.89222,61.66613,58.811218,92.766991,240.39717
B_A2,KR,148.86629,150.86786,175.97641,86.073639,152.48111,113.43942,115.57539,100,160.23483,167.25937
B_A2,CN,211.58115,214.03123,208.30122,85.800446,193.29877,100,97.580048,96.976952,157.13458,210.05724
B_A2,SE,111.33453,113.97417,131.58597,69.432434,134.07117,71.550751,119.03329,89.159882,124.25995,138.91489
B_A2,IT,90.365005,91.339424,100.50619,59.06424,99.029694,61.007412,72.792931,68.413704,90.532867,94.039665
B_A2,FR,84.003426,84.889061,95.715164,55.763187,106.48386,67.172028,77.287071,68.672783,82.902557,93.000412
B_A2,CZ,95.034256,96.548599,107.71568,60.509216,106.40893,70.99115,87.347633,75.203537,101.03563,105.22324
B_A2,MX,71.423225,72.167145,73.668495,41.803055,86.014229,60.329338,64.190842,60.577145,65.079346,75.959465
B_A2,SK,79.38665,80.241318,87.530533,51.45013,90.1549,56.724209,72.457108,63.431152,80.634491,87.36795
B_A2,ES,85.698425,86.573753,96.247589,56.543083,100.79818,63.251785,78.698639,71.565598,88.157959,93.081909
B_A3,PL,89.70504,89.391426,83.801003,48.310799,87.524185,564.21252,441.42191,731.65259,207.13727,84.473648
B_A3,HU,109.48131,110.00006,101.54594,55.22736,113.6537,1102.8986,718.21112,1274.098,284.19519,100.63397
B_A3,FI,96.189804,95.269493,105.92917,54.300686,94.3946,1267.1185,579.49854,992.06281,201.45416,96.602989
B_A3,EL,88.69912,87.089485,86.210968,47.169598,91.546959,1024.4929,594.91565,1093.2267,193.59013,83.238052
B_A3,SI,118.33537,118.94751,117.76691,61.725819,127.29262,1721.7382,883.8963,1589.9446,310.68048,112.33466
B_A3,BE,119.48476,119.98856,124.78479,65.59626,116.25561,1250.1122,687.32782,1131.5977,295.89542,117.59705
B_A3,ES,79.483208,78.924835,79.449524,43.811504,76.867302,676.50482,412.18381,691.36249,169.94069,75.534225
B_A3,LV,97.174477,97.470268,93.68898,49.453362,110.66924,2012.4937,908.67188,1808.1796,230.16428,88.682274
B_A3,CR,72.367226,72.854706,71.62323,41.635838,49.816021,123.4384,117.50812,82.625854,148.96075,68.167351
B_A3,JP,44.866379,44.69677,45.950909,28.360283,41.201378,151.74503,100,114.29112,78.570412,42.779716
B_A3,US,60.784885,59.629147,59.439777,34.002918,60.339954,573.98712,291.54861,516.29144,100,55.070202
B_A3,CH,116.9553,117.04587,132.65021,68.01902,100,1083.9905,508.19281,691.04254,257.28598,119.19089
B_A3,LT,103.19884,103.5236,98.071083,52.965176,115.33889,1885.2628,888.57635,1718.4609,254.66086,94.475845
B_A3,EE,105.16232,105.73722,112.39773,59.878765,105.67056,1067.3486,552.59314,907.99042,236.61774,106.39881
B_A3,IN,84.865738,83.503853,91.506699,51.052544,54.445423,145.60065,122.50136,99.912712,128.11696,82.996696
B_A3,SK,108.19093,108.06682,98.723785,54.206043,111.32058,998.22931,715.55414,1241.1517,297.02435,99.510712
B_A3,CO,78.056976,77.110947,79.297302,42.76022,64.036163,460.75366,336.99146,625.7345,120.25177,71.776146
B_A3,MX,106.1972,103.25252,88.797981,50.76873,99.250786,154.88634,435.18509,714.23718,212.14479,93.073555
B_A3,BG,102.87766,101.77074,95.884392,54.940182,93.5121,226.91162,414.18488,592.42999,259.32651,97.342239
B_A3,IL,138.98106,136.34543,124.82253,62.462563,175.05765,3077.2368,1422.1371,2999.4744,223.505,112.56965
B_A3,NO,85.911339,85.613579,95.497337,50.364227,82.192657,969.47711,432.48032,654.69745,183.91745,87.857651
B_A3,CN,38.577717,38.3414,40.351315,22.639425,26.03578,100,76.42347,77.820938,67.370834,37.02533
B_A3,DK,93.475899,93.566437,109.6325,56.57515,88.072556,921.54303,405.75726,559.5694,194.98691,99.234306
B_A3,AU,76.664642,75.093643,78.667374,43.724106,69.667953,569.19147,306.51038,399.90475,155.93993,72.973022
B_A3,CL,90.375931,87.332146,85.048996,49.099968,82.335403,316.07867,317.15256,507.13794,150.53563,81.859299
B_A3,FR,74.444618,74.625595,77.017929,41.735428,69.918823,673.45715,362.87244,618.40741,143.24915,70.909454
B_A3,IE,121.15971,120.73241,129.00606,67.057762,115.21015,1224.2909,630.13074,1046.1523,266.58957,121.1671
B_A3,PT,87.272293,87.314316,91.315666,49.609425,81.610847,686.37158,396.7485,622.45935,183.17014,85.331657
B_A3,UK,96.221779,95.81485,99.010498,52.189457,93.269875,1151.4858,569.26215,1020.4219,179.55426,91.598022
B_A3,LU,131.25813,130.85336,141.1983,71.141983,112.04626,811.90308,540.48224,791.07086,271.03403,129.49695
B_A3,RO,95.043129,93.34111,82.97316,46.973442,96.332825,721.37683,588.22937,1066.6448,213.65356,84.964539
B_A3,TR,57.775921,57.975315,57.329762,34.390377,52.002274,232.40898,184.18752,252.63234,125.09244,55.375622
B_A3,SE,91.291054,91.175514,101.62497,52.712738,86.432465,1000.4672,463.7561,723.05518,193.1749,92.687988
B_A3,AT,103.61031,103.60775,108.29008,56.498589,102.9225,1326.7688,652.5874,1142.8389,231.14445,100
B_A3,KR,54.377792,55.10537,56.724457,34.330544,49.594601,198.19278,119.63637,100,118.42856,53.340843
B_A3,NZ,83.162453,81.911247,77.323029,44.748547,84.679413,731.13861,399.07858,736.40967,148.21774,74.199623
B_A3,CA,95.458755,93.616348,91.502495,50.107018,94.351585,872.10156,488.68576,821.25262,186.48221,87.008354
B_A3,HR,103.31979,101.42977,96.470673,54.306889,94.910988,305.38217,456.80811,668.80847,256.30963,96.902946
B_A3,NL,99.558479,101.38467,111.01637,57.537739,96.594894,1018.1696,492.21008,746.65399,240.64371,101.92676
B_A3,IS,108.60704,108.53183,120.68829,60.05061,114.33037,2378.1394,894.70355,1665.7324,225.27908,105.58046
B_A3,CZ,114.73005,115.23469,108.8987,57.428864,125.9719,1858.4061,954.15649,1801.849,293.98734,105.05003
B_A3,IT,70.43454,70.378479,71.740059,39.304241,70.493011,862.18054,423.14807,743.8468,154.94128,66.484863
B_A3,MT,89.44632,89.570839,94.299179,49.437244,80.689644,345.11713,326.52911,433.00656,214.58034,91.063354
B_A3,DE,72.856636,73.194214,75.411194,41.409393,69.686691,665.00372,358.63608,574.85034,166.0574,70.494545
B_A3,CY,91.580727,90.791451,101.89686,52.934216,81.351555,659.63562,369.2897,451.89322,212.94316,95.623253
B_B1,IE,122.4211,121.37325,145.86482,80.09774,98.49926,350.35739,85.805641,100.82544,105.57025,132.50333
B_B1,LU,170.7171,174.15945,203.38194,100.06007,111.91781,351.6676,188.74655,213.57912,158.15071,186.81616
B_B1,SE,109.91732,110.02206,130.83206,67.53109,80.826607,274.22073,104.90782,119.96452,101.38292,119.99191
B_B1,JP,113.75793,115.53932,130.13232,75.472397,104.14212,361.10919,100,130.27275,103.57944,124.71471
B_B1,FI,98.654243,97.689339,117.10856,61.87014,76.790405,223.17253,74.179955,90.166405,84.178642,106.93415
B_B1,HU,75.943054,76.036263,87.153648,46.543407,57.440849,183.38121,55.214733,66.174606,63.748371,81.790138
B_B1,NL,99.112167,100.47604,118.29618,61.985806,77.939163,309.79541,93.022865,108.87619,103.51557,110.96674
B_B1,LV,63.863464,64.15155,72.297813,40.648987,51.279713,253.52306,65.180893,75.863228,77.226929,72.967575
B_B1,AU,103.89917,105.57296,118.20709,71.611099,92.924561,302.56824,96.886726,110.47339,100.37704,132.12814
B_B1,IN,25.096516,25.784557,28.016544,17.699276,23.295593,114.22623,20.186954,22.094389,23.552479,28.379768
B_B1,EL,55.314793,54.716331,63.164391,37.11425,48.420982,246.16971,44.093987,54.90839,68.704742,64.509445
B_B1,TR,52.340359,52.3689,58.758282,33.111359,40.479584,221.88623,50.282684,55.139351,58.241161,58.793339
B_B1,EE,86.616226,86.808884,101.12691,53.802811,64.623367,240.56964,73.302017,87.198425,83.204597,96.073067
B_B1,SI,88.05423,87.781189,102.58861,55.250046,67.901482,267.14859,77.133652,89.505302,86.153053,97.190605
B_B1,PT,90.145813,90.343735,106.19064,56.500366,69.622787,264.38251,65.576263,77.28746,80.542786,98.9478
B_B1,KR,112.36564,114.92126,125.89651,81.002167,100.49852,386.03397,83.390877,100,112.36849,151.59654
B_B1,PL,70.279068,70.278397,78.427429,44.218143,53.44849,226.44894,62.179535,77.522766,79.320724,80.285362
B_B1,CZ,77.556976,77.384117,91.752151,48.349361,59.500717,195.21599,68.527733,81.641327,73.617821,85.289337
B_B1,CL,62.144012,63.297836,70.391464,43.150589,55.945919,225.68478,60.034718,63.302082,59.895023,77.862564
B_B1,IL,85.955597,87.506241,97.341042,60.123913,76.797516,256.32993,73.99231,86.796181,84.090195,111.88475
B_B1,DK,104.79842,104.6021,125.0669,65.747421,83.334656,273.22574,89.401947,105.49197,97.200645,114.37737
B_B1,MX,48.149658,49.089561,54.345772,34.000324,43.036896,150.74185,39.705963,46.81535,47.425938,63.368214
B_B1,US,104.33486,105.83479,119.16216,71.104996,93.263496,285.07455,101.59387,115.49503,100,130.97632
B_B1,BG,64.104874,63.866528,71.768784,37.801876,39.303371,187.19901,51.84,48.492886,65.666679,65.137772
B_B1,IS,84.768089,85.660522,104.00167,54.783825,66.577225,233.57239,71.994339,85.833511,81.616005,94.351151
B_B1,CA,125.0339,127.16105,141.94913,86.757988,111.79002,369.70505,112.69899,129.87262,121.46633,160.62218
B_B1,UK,125.60461,124.78699,152.6514,79.284836,101.83624,320.20685,115.39915,133.31546,116.32326,136.19745
B_B1,IT,62.815441,62.338535,73.943733,39.200191,48.737049,157.48909,51.04628,59.749039,54.973572,67.885948
B_B1,CR,61.8097,63.981186,67.882195,45.286934,57.892242,168.59543,46.688213,43.673729,59.14082,71.29586
B_B1,CH,132.22894,131.94868,166.20468,85.392555,100,291.22284,99.644714,119.32861,109.0715,144.5249
B_B1,CN,36.661552,37.949539,40.263363,26.861305,34.337967,100,27.692455,25.904455,35.078541,42.288132
B_B1,ES,84.531097,84.152412,98.427605,52.653862,64.113159,271.47433,74.062286,80.65107,76.797623,91.570107
B_B1,SK,74.348015,74.190155,85.748352,46.36311,52.486423,220.05537,61.044975,73.411385,73.402016,83.900162
B_B1,CY,67.434868,68.307983,80.124084,42.387093,55.605099,324.81256,89.948578,84.14093,113.93951,69.481201
B_B1,FR,99.50145,99.290642,117.9513,62.049107,80.925934,279.99884,83.669388,92.668198,85.231079,105.65564
B_B1,RO,49.818089,48.985348,54.997253,29.801054,36.185623,129.8136,35.94857,33.627506,45.536716,48.631496
B_B1,HR,72.841072,71.898949,81.778648,43.589645,50.202579,198.89896,55.080006,51.523693,69.770851,72.365288
B_B1,AT,95.055077,94.762436,113.85081,58.580029,74.822762,236.47296,84.436554,92.240189,77.288818,100
B_B1,NO,103.47994,103.46284,120.66187,63.868488,75.089554,306.62036,102.34142,115.67898,102.56705,114.40845
B_B1,CO,50.848732,51.718956,57.99437,33.998421,46.630882,170.07567,44.229218,56.564888,46.474876,55.963394
B_B1,LT,79.225525,79.141846,89.289017,51.486115,64.047104,320.23926,70.695572,87.641037,98.628403,92.603287
B_B1,DE,95.854134,94.950462,113.82901,59.247517,70.52626,199.91852,74.558258,88.494705,77.757439,103.36157
B_B1,NZ,91.506882,92.958862,104.13318,63.11779,81.704033,252.47874,83.541534,97.420395,88.637741,117.21589
B_B1,BE,92.121292,92.306808,110.77087,58.651615,75.73484,283.41229,90.130722,106.10027,98.774498,102.93613
B_B1,MT,86.815926,88.618423,100.00607,49.940525,50.354023,236.78447,65.571434,61.337727,83.060539,89.066948
B_B2,NL,106.00362,111.48707,179.63264,76.765533,77.487839,754.44122,262.63263,1485.36,161.32997,147.98846
B_B2,CR,7.1133485,6.9509792,11.11536,5.4527645,5.0579786,50.82555,28.158514,15.990425,15.477327,9.0087776
B_B2,ES,53.361172,53.302582,77.960281,41.303139,42.426254,272.63309,156.48547,112.75575,89.419579,59.50655
B_B2,EE,65.192284,64.544464,92.301575,50.330917,51.179699,418.28271,203.73784,130.7191,127.10555,72.975594
B_B2,CA,74.326706,74.802628,117.8097,55.785862,57.892601,505.83414,235.39371,622.67194,131.25291,99.951324
B_B2,DE,73.027397,72.810532,113.84945,57.508259,62.077641,382.58463,206.96169,309.92831,120.11741,84.960442
B_B2,JP,48.366371,47.895557,69.211266,35.85701,36.149097,195.78532,100,67.633484,71.670349,51.497253
B_B2,NO,102.55918,102.38878,163.28896,77.721848,81.506966,665.18329,335.20316,370.55136,185.51851,117.63818
B_B2,LV,39.197128,38.712559,52.231003,30.285307,31.07683,202.3996,99.625221,66.63504,70.319656,43.355438
B_B2,TR,25.043892,24.833641,34.360275,20.735285,21.923538,83.588509,62.806252,37.952438,35.287632,28.038162
B_B2,CZ,63.029324,62.769302,88.186211,47.667744,47.938953,343.25555,164.27359,106.78571,110.63375,68.428383
B_B2,LT,49.778618,49.036343,66.88488,38.420162,39.762661,261.12753,131.89874,89.991127,95.190605,55.471455
B_B2,US,72.273048,75.086517,114.35159,51.424774,50.023369,411.26202,160.46536,764.14691,100,98.64183
B_B2,BE,84.245949,86.084282,134.43967,63.092247,64.880882,543.3186,239.25772,674.80176,139.99518,105.65748
B_B2,SI,61.937183,62.124622,90.669518,46.949001,47.092545,381.33218,200.1539,193.30742,110.09875,70.766838
B_B2,IS,98.180786,98.703842,155.96379,73.133835,75.411964,738.95941,345.71643,541.73267,190.08165,117.93051
B_B2,DK,123.00397,126.39734,201.46544,90.110878,92.162811,911.60059,366.43488,1284.9268,215.04456,161.58368
B_B2,SK,47.111942,46.685696,62.3573,35.775394,36.204567,247.43713,120.9613,81.799088,87.081352,52.1875
B_B2,AT,86.49102,87.529793,138.30667,65.223175,67.4021,507.34256,247.274,395.29446,139.36209,100
B_B2,PL,46.707821,46.725376,62.668461,35.499489,35.352783,203.87904,103.28176,68.996216,73.806458,50.458469
B_B2,MX,14.360482,14.379352,20.860472,11.36621,11.453835,48.374256,30.876711,20.645336,19.323179,15.652287
B_B2,NZ,69.274658,68.028366,97.279663,49.857376,51.945374,319.50729,170.29582,270.69373,124.10475,81.848495
B_B2,CL,23.178459,23.149181,34.595795,18.076813,17.844641,128.54375,69.034157,43.662609,38.507229,26.510141
B_B2,AU,107.70529,111.95397,173.05557,75.336266,74.051567,803.95392,293.91946,1428.1788,181.75519,159.1925
B_B2,HR,42.7057,42.798283,59.514301,34.834969,34.429245,366.78796,182.569,107.17754,87.915993,50.349289
B_B2,HU,42.834782,42.723747,57.801975,32.889019,33.157589,203.71451,104.56136,70.415428,72.849014,47.29475
B_B2,LU,91.432137,92.52166,144.46788,67.333641,68.481277,674.29382,304.73111,653.35181,170.07631,113.42863
B_B2,CH,147.31172,154.25217,239.70744,102.99691,100,1178.3352,414.10986,2034.6893,251.32915,203.7616
B_B2,CN,30.585039,30.752476,44.897999,24.397718,25.068411,100,70.481903,101.3267,41.404758,35.540665
B_B2,IN,13.985069,14.415119,21.560915,12.498735,12.47798,28.827755,47.651463,24.750307,15.633316,17.195837
B_B2,EL,60.261032,59.849155,82.960838,45.763596,46.467155,302.80362,172.69714,124.57058,107.52288,66.62394
B_B2,CO,6.1032081,5.8984165,9.1706152,4.9105315,5.1877513,26.563301,15.307988,9.4203196,9.9900131,6.6834722
B_B2,KR,63.149677,62.897747,91.185509,46.274109,45.591278,269.17615,152.04408,100,91.153664,67.155792
B_B2,BG,36.670155,37.000385,45.548481,30.710545,30.835239,156.72177,82.200867,48.876293,39.278778,41.68848
B_B2,IL,62.113319,63.591797,108.11223,46.464722,48.151356,313.34409,161.15292,217.00999,88.806351,70.226021
B_B2,PT,60.385311,59.95298,88.47345,46.601887,48.393681,343.23047,195.16052,124.73882,113.62425,67.950775
B_B2,MT,48.814156,48.928165,66.787849,39.92635,39.447643,424.5311,207.59882,122.15357,98.404533,57.452042
B_B2,IT,51.62355,52.061939,76.36982,39.778351,40.257458,274.5528,149.7034,197.25693,83.074554,59.777512
B_B2,SE,97.760475,99.291611,161.73233,74.545547,78.673157,723.18878,327.45621,855.22131,177.59361,125.34875
B_B2,IE,69.737503,71.571632,112.97919,52.447762,53.863754,489.04993,213.46616,627.59204,120.17348,90.868385
B_B2,UK,80.211563,83.982079,127.34406,57.810322,57.712029,622.54315,217.04297,1284.5475,140.6235,117.89739
B_B2,FI,87.513374,86.839935,138.5043,68.559334,73.489365,573.56006,314.32813,290.38861,168.47899,101.44573
B_B2,FR,60.605564,61.154018,90.034538,45.933395,46.746655,301.90054,155.54642,226.75549,92.478737,68.671165
B_B2,RO,24.915932,24.939173,33.192547,20.134901,20.534126,95.464104,55.238674,36.775448,34.989594,28.015749
B_B2,CY,62.388676,62.935246,99.292908,49.112717,48.63871,746.37598,436.95636,343.51685,155.55573,77.462227
B_B3,PT,53.869095,52.780537,66.300598,36.984909,64.684242,357.40771,146.36151,257.50266,55.080173,53.655083
B_B3,IT,69.885437,68.985443,88.509834,45.790646,78.49231,636.54712,233.26791,425.9382,77.304512,69.846527
B_B3,LT,66.287979,65.45076,74.990189,40.098598,85.280411,1412.1429,486.79211,1024.156,78.017654,62.968578
B_B3,HU,63.540302,62.610332,77.022453,40.854691,78.024963,1023.1096,300.00134,594.10938,79.542358,61.709091
B_B3,SE,108.45655,106.575,176.78772,74.277222,115.63589,1701.6958,275.02975,432.79117,152.18332,113.18444
B_B3,FI,107.37457,105.15217,166.90327,71.959656,124.16927,1887.1227,334.6062,589.26947,138.19418,109.67342
B_B3,MX,31.006462,30.843998,36.634518,20.141666,30.453096,79.934608,44.951096,69.909691,31.568743,28.535772
B_B3,CH,110.1172,109.53153,184.44156,69.533218,100,1410.5591,245.96759,347.94653,166.17224,116.16901
B_B3,FR,75.295021,74.192215,106.00092,52.285191,84.612091,582.36652,192.7099,332.06091,84.925438,76.360474
B_B3,US,85.560913,84.734146,133.16571,53.297649,81.923294,832.42206,200.51573,319.2749,100,86.055626
B_B3,IE,89.892929,87.960457,118.11105,58.612331,102.73328,1155.0563,279.93988,514.02765,96.755241,89.34922
B_B3,CO,43.380554,45.312374,45.09026,16.103859,37.883537,292.71655,184.64215,332.20581,47.747036,42.724567
B_B3,IN,22.672115,21.932194,27.428818,15.015862,15.604396,32.718895,13.937965,15.635323,18.783068,19.559229
B_B3,BE,101.32047,100.28014,142.13567,65.663658,116.83652,1156.5637,329.80151,573.52155,122.01971,102.92481
B_B3,DK,89.587631,87.992683,147.31506,62.134739,95.180748,1723.7694,214.46675,318.2168,127.50393,93.562233
B_B3,LV,63.658463,63.235683,69.37365,37.254211,80.526627,1837.4843,565.98615,1203.3453,84.105957,59.196831
B_B3,CR,12.684079,12.278161,14.700096,7.8342929,9.4121437,28.341013,7.7711587,8.4341393,10.981516,11.19338
B_B3,CY,68.491867,66.990425,82.318428,50.193905,83.190857,27.350229,73.831642,73.23632,62.250072,71.131203
B_B3,SK,55.251209,54.343754,63.705593,36.795963,64.896317,845.81738,249.64737,505.92734,62.284527,53.150097
B_B3,JP,95.172623,94.726151,163.18394,59.387722,81.438286,415.7211,100,108.70036,112.64793,100.10829
B_B3,IL,139.03181,138.5694,190.68898,68.187477,156.84843,2938.4346,1040.3378,2237.187,169.57924,122.88068
B_B3,AU,46.927223,46.77993,66.792336,29.496073,44.664936,131.92928,86.063316,104.30762,53.225407,48.39254
B_B3,NO,74.166451,72.636597,102.83904,51.289837,90.15596,522.73444,190.49344,325.22632,75.405495,76.457802
B_B3,HR,58.816303,57.144924,69.388817,42.282318,68.422287,267.92944,64.644043,65.033279,53.887688,59.414284
B_B3,LU,66.149399,65.158997,93.937988,47.667046,69.776039,263.84662,120.51048,188.45558,69.432877,67.630226
B_B3,CN,124.07936,134.20914,147.97226,41.908924,75.316063,100,205.78366,83.44545,128.28252,136.79591
B_B3,IS,87.917488,86.404778,134.22926,55.666733,107.78236,3405.8113,576.61737,1138.6655,137.46695,87.642197
B_B3,CZ,78.445396,77.215012,91.094925,49.079365,99.354019,1441.1915,485.89871,1003.2194,96.573486,74.907669
B_B3,KR,108.10933,108.3912,167.3194,64.694244,96.70797,452.54562,124.92738,100,122.12745,113.20232
B_B3,TR,48.649414,47.493176,59.469879,33.023357,56.150784,129.75314,76.351852,106.61038,45.833,47.428452
B_B3,RO,43.966427,43.830154,49.802917,27.86726,49.890965,517.776,200.65063,387.42978,55.53783,41.979492
B_B3,DE,101.62402,100.91051,150.97246,66.565269,101.33466,787.40521,231.0519,341.14117,126.41956,104.45077
B_B3,SI,82.002312,81.022163,100.07224,51.714153,101.63838,1220.5261,433.2616,863.16187,99.633759,79.641418
B_B3,CA,72.423294,72.200378,96.796974,43.316662,72.940384,561.80615,227.19333,382.05151,86.126717,72.839653
B_B3,EE,72.027321,71.193855,92.143059,46.644943,89.551437,909.52893,256.77234,467.50424,79.977455,72.215164
B_B3,PL,49.977703,49.368061,59.991524,34.168972,57.991608,394.71585,149.67561,272.12436,54.006382,49.395184
B_B3,NL,93.260788,92.525505,145.19424,62.169827,99.342438,1450.024,272.51596,451.04971,127.91071,97.337502
B_B3,MT,57.546421,56.673195,70.721519,42.190403,63.383957,97.373276,57.661091,58.161457,59.949242,58.535309
B_B3,EL,74.024559,72.777008,88.534187,48.41584,91.986931,771.1153,306.56665,575.80664,79.192604,73.793404
B_B3,BG,53.554665,52.48563,62.302731,39.295822,58.839134,63.732716,61.651611,60.272934,57.651672,54.274773
B_B3,CL,43.169556,42.774899,49.34301,22.1667,41.457996,103.08611,70.616196,105.70697,44.441315,41.448189
B_B3,NZ,46.768303,46.758907,63.784634,27.927662,51.132702,476.20255,184.43726,349.89584,52.386429,45.307171
B_B3,AT,99.789223,98.057014,149.63846,65.905457,114.27108,1674.4315,358.84409,652.44122,131.23566,100
B_B3,UK,96.59507,94.429718,128.28584,63.514832,118.6382,1216.3807,297.28687,554.37518,96.35627,95.222839
B_B3,ES,56.505608,55.784317,69.580833,37.282112,63.098301,454.7139,166.04898,295.02664,58.920479,56.144615
B_B4,CR,,,,,,,,,,
B_B4,ES,68.754578,70.70372,96.4991,52.641586,96.933517,,,,,181.0621
B_B4,BG,42.464203,43.311951,52.539768,33.256504,55.5131,,,,,68.751999
B_B4,BE,61.989033,63.683201,88.282555,48.782009,82.910416,,,,,167.17726
B_B4,NL,108.36284,110.98872,166.37198,82.428001,149.22009,,,,,312.27283
B_B4,SK,48.050865,49.101776,62.458511,33.610161,74.941101,,,,,85.47113
B_B4,EL,66.482773,68.079643,85.758514,49.928852,94.973831,,,,,130.39346
B_B4,EE,63.021069,64.062317,89.390663,44.253876,94.258209,,,,,121.57053
B_B4,LU,75.439209,76.801666,105.73035,58.614059,97.529861,,,,,158.46475
B_B4,SI,65.421265,66.71833,88.002686,45.828693,100.43294,,,,,120.12706
B_B4,IN,,,,,,,,,,
B_B4,NO,103.08719,105.74841,160.95726,79.042862,141.19321,,,,,316.76849
B_B4,CY,29.639059,29.642179,52.828651,21.061779,38.511543,,,,,70.84668
B_B4,HR,58.1469,59.536728,72.963173,40.611599,92.099426,,,,,100.11103
B_B4,CA,,,,,,,,,,
B_B4,IT,64.031242,65.478477,90.580139,49.533737,85.708061,,,,,152.60651
B_B4,MX,,,,,,,,,,
B_B4,IL,35.885818,35.456074,73.574394,25.722639,41.444271,,,,,97.95919
B_B4,CN,,,,,,,,,,
B_B4,DK,105.21687,106.9916,170.9433,80.084488,137.42798,,,,,296.07803
B_B4,LV,62.944511,63.979134,89.400826,44.202858,94.079651,,,,,121.57333
B_B4,CL,,,,,,,,,,
B_B4,SE,119.76728,122.68896,181.37059,90.789169,166.25298,,,,,336.43753
B_B4,AT,49.261024,50.138138,68.056786,38.651783,62.587734,,,,,100
B_B4,CO,,,,,,,,,,
B_B4,PT,68.515366,70.251526,96.509453,52.310284,95.301094,,,,,170.39566
B_B4,JP,,,,,,,,,,
B_B4,FI,104.66397,106.63625,164.47746,78.838745,141.36903,,,,,283.7037
B_B4,TR,67.137604,68.647797,86.340729,46.939362,105.20943,,,,,118.24647
B_B4,RO,21.151623,21.430538,28.987818,17.314451,24.010899,,,,,38.328812
B_B4,PL,59.24469,60.148048,87.694374,44.717598,78.565559,,,,,129.81348
B_B4,KR,,,,,,,,,,
B_B4,NZ,,,,,,,,,,
B_B4,MT,108.2649,111.54023,120.60763,75.263702,179.7037,,,,,167.07988
B_B4,IS,98.713516,98.829811,173.59879,70.092506,129.52997,,,,,232.98056
B_B4,US,,,,,,,,,,
B_B4,FR,82.434525,84.688026,125.57744,63.222084,114.21289,,,,,248.66357
B_B4,DE,71.399452,72.959755,103.7655,55.765045,93.305481,,,,,178.40202
B_B4,IE,77.082687,79.070885,105.50323,58.253349,109.5566,,,,,181.21596
B_B4,CH,79.124756,80.506516,120.84972,61.782505,100,,,,,200.3868
B_B4,CZ,57.502171,58.664906,79.098488,44.944954,74.734802,,,,,122.53776
B_B4,AU,,,,,,,,,,
B_B4,LT,63.665779,64.951828,85.1138,44.586773,98.022446,,,,,116.23517
B_B4,HU,57.323772,58.445236,77.022118,44.502575,75.262169,,,,,112.90131
B_B4,UK,104.77225,107.8588,157.10599,80.175011,147.76019,,,,,318.47852
B_B5,US,100.84927,106.09052,127.54875,56.596329,189.94594,413.91693,311.5228,1049.954,100,77.076317
B_B5,IN,,,,,,,,,,
B_B5,CR,,,,,,,,,,
B_B5,NO,117.47588,122.90698,150.26282,67.955093,217.39281,522.89734,383.99219,1216.0762,132.47057,91.635078
B_B5,TR,71.696503,77.159531,91.382103,40.501232,141.18027,164.0051,148.67453,262.54004,69.663788,53.50806
B_B5,PL,79.98098,82.802963,100.0561,48.405724,156.5083,346.53427,269.77121,830.97528,89.823677,66.562607
B_B5,AU,76.579567,81.981743,99.262955,42.960865,133.1969,176.37703,141.28703,313.05783,67.89975,54.529301
B_B5,JP,66.723045,69.479668,87.055733,42.619183,99.336861,116.05877,100,118.28982,68.451172,52.992355
B_B5,DK,78.824364,79.876076,104.60387,53.322304,109.92054,250.07545,182.17287,397.49002,99.307434,67.220818
B_B5,AT,146.00052,155.67244,180.48123,75.765755,232.01608,834.39557,557.06799,2314.7622,153.91412,100
B_B5,LT,69.370247,70.749832,72.433571,35.735912,97.779709,832.22266,514.56647,2810.5657,78.974602,48.208019
B_B5,CZ,109.32841,112.17251,119.26454,54.875061,188.01103,1198.204,767.04126,3963.2664,119.81792,78.642426
B_B5,MX,16.768103,16.89098,19.680504,10.324546,29.394962,107.55394,74.287521,329.99286,16.372374,14.026704
B_B5,SE,96.036934,97.880646,122.88174,59.662807,162.65767,446.91144,325.8576,1091.1956,111.12835,80.688881
B_B5,IL,155.11282,156.75822,161.71965,68.333542,281.98737,2281.29,1381.0751,7674.3267,153.58707,108.66369
B_B5,CA,104.82014,112.20998,123.80197,49.343987,203.80803,782.12054,503.69052,2395.2026,95.032654,69.094437
B_B5,SK,64.543922,66.442612,70.342964,36.00312,95.274208,577.25714,369.28845,1871.1459,72.331116,46.788372
B_B5,IS,156.43704,165.2516,184.71536,76.324097,300.14499,1272.3636,843.70532,3925.2798,164.47539,109.35846
B_B5,KR,130.33331,137.65224,174.36618,76.368301,271.32352,218.53615,238.38048,100,128.17146,105.70006
B_B5,EE,65.622681,66.132629,80.69944,42.65448,102.13615,354.99164,248.38593,939.95715,79.883926,55.812847
B_B5,SI,110.2247,115.07465,125.89299,55.728878,208.93419,935.51971,625.39044,2996.2139,112.51422,79.966766
B_B5,BG,17.650389,18.12995,19.300665,13.333356,27.912107,26.248081,30.500366,15.506721,22.749128,15.280313
B_B5,CO,20.502613,20.681044,24.059452,15.814136,27.536148,15.329211,23.885265,38.552742,18.951212,19.006784
B_B5,NL,112.55239,119.24727,142.3405,62.489132,207.74268,496.53671,360.33743,1215.2299,120.15283,83.71653
B_B5,NZ,81.871323,85.843887,98.310387,42.010548,184.7047,546.10938,385.06552,1636.6415,74.62635,62.993015
B_B5,FI,87.349976,87.927231,107.02666,54.315887,137.21054,569.30731,384.4501,1612.3053,105.20531,72.725151
B_B5,LU,48.85854,49.205872,59.757179,35.012363,71.128113,139.00888,114.28837,259.63422,58.65662,43.320004
B_B5,ES,65.301079,67.157349,79.931648,40.323959,113.9436,304.66058,227.62453,793.60223,72.729454,53.95657
B_B5,CL,19.71833,19.983023,24.005671,14.302987,31.220007,24.980635,30.34833,49.822269,18.298403,17.926006
B_B5,IT,82.876633,86.97258,98.749802,46.524704,136.33134,489.77792,331.08908,1417.5775,89.124779,60.478535
B_B5,HU,106.74766,111.55417,126.66653,56.67271,235.55151,696.77606,512.4696,2085.1816,107.5897,84.25589
B_B5,BE,125.23634,134.31604,158.23566,65.992958,234.7751,536.69751,383.28586,1364.1395,123.85165,87.869705
B_B5,CH,77.398125,76.971649,99.801743,53.496395,100,356.12534,240.72636,807.96368,101.36144,67.428101
B_B5,CY,25.108547,25.833351,31.098591,17.911335,46.402084,52.81369,52.434753,23.626163,35.773254,22.118782
B_B5,FR,134.50592,146.07454,171.9032,69.81765,257.42572,461.62933,349.97427,1006.0215,131.50279,92.418121
B_B5,IE,89.96669,96.654892,106.49277,46.957592,152.06302,507.96381,341.03177,1486.3252,90.670845,60.236435
B_B5,PT,105.90961,114.76249,137.03319,58.117332,186.88782,293.65384,223.42735,483.51532,110.54991,73.449265
B_B5,MT,33.824528,34.650768,40.071468,25.604654,57.111988,67.7948,59.014008,33.590302,49.566383,28.832979
B_B5,DE,81.250412,81.598404,102.29219,53.449753,125.45272,383.9147,274.11151,960.78674,96.61071,69.932625
B_B5,LV,57.2458,57.680321,57.208618,29.945942,81.741379,752.22241,467.35901,2579.1301,66.424248,41.155895
B_B5,CN,57.617241,60.83152,76.417046,33.738091,108.64053,100,103.0694,90.300606,58.105354,44.433178
B_B5,EL,68.162216,69.826859,80.943108,40.536015,111.23875,445.85321,302.70544,1308.6102,77.484413,53.831821
B_B5,UK,128.8546,140.75583,159.50462,62.790928,243.35596,609.14117,425.81635,1636.5355,123.13123,83.359245
B_B5,RO,39.604313,40.23209,41.52702,24.631317,57.019825,302.58505,202.39996,1005.3628,42.798508,31.278811
B_B5,HR,35.887657,37.33326,45.353092,24.944042,58.797188,79.715469,69.101479,35.093506,52.253971,29.673042
B_C1,PL,65.092026,63.539059,78.428993,46.048782,110.52171,,56.518021,41.730534,77.098633,118.30509
B_C1,US,100.67022,98.154274,130.59219,65.326805,209.04541,,105.08316,57.828827,100,231.1331
B_C1,PT,81.031616,79.280296,102.51862,59.096466,108.66338,,76.878464,48.765423,113.42711,158.40642
B_C1,SK,72.462563,70.941299,85.674637,51.882133,102.53165,,40.044785,25.192425,66.658943,124.44156
B_C1,CL,62.748867,57.667721,72.019516,33.946625,117.3313,,42.251209,32.976597,101.68797,364.2677
B_C1,HR,70.107338,68.756004,87.505379,50.521992,87.850868,,41.644806,23.741879,32.017975,96.833145
B_C1,CR,65.019814,59.022694,68.622383,32.92881,111.05898,,32.780453,31.54471,125.29429,480.05228
B_C1,JP,116.36069,110.73157,141.40878,69.794388,250.93372,,100,70.084198,152.64938,469.53619
B_C1,TR,45.989204,44.886532,54.678493,31.965935,63.170185,,34.527184,23.87125,59.14407,87.413055
B_C1,SI,81.389153,79.556664,98.404793,58.537136,98.412476,,46.426975,25.765965,80.091103,140.15605
B_C1,UK,85.135101,84.435959,106.99657,60.948185,121.60322,,83.462219,41.963795,69.984779,134.34286
B_C1,LU,76.531487,75.136932,97.538353,57.077946,102.65768,,65.230087,42.888313,100.29905,153.1068
B_C1,IL,76.881371,72.792847,101.84389,49.73349,197.08884,,90.414261,54.501392,92.511528,202.79947
B_C1,LT,85.365631,83.041519,105.4523,59.929096,158.55484,,130.10669,88.092232,170.67091,178.25125
B_C1,KR,174.93941,163.0226,219.22237,101.54062,359.41785,,151.57625,100,222.30347,700.4516
B_C1,DK,98.54335,96.694061,128.74872,72.885918,109.08407,,64.303108,33.952072,89.296036,177.12782
B_C1,IS,91.263115,87.6017,112.73385,59.48653,131.97253,,50.146423,40.354218,130.09778,237.17136
B_C1,SE,113.12471,110.50029,142.33415,81.593925,190.22343,,155.02158,99.687798,189.75819,217.91139
B_C1,FR,81.815613,80.383667,101.79155,58.740051,127.48636,,94.52504,52.854706,114.00727,152.01724
B_C1,FI,112.89941,109.86082,143.22417,80.534363,190.79886,,114.38667,83.251717,142.48775,210.05641
B_C1,HU,78.260895,76.326591,93.330673,54.340382,148.22852,,83.404129,58.578545,95.835579,134.25256
B_C1,EL,51.861561,51.499668,62.411736,37.570267,74.315758,,56.07122,19.632328,42.76857,71.199966
B_C1,CH,81.338631,79.841431,90.934624,55.171776,100,,42.044556,27.82869,62.366634,147.0383
B_C1,NL,91.257851,90.240211,117.65014,68.308075,117.30224,,86.462021,42.168667,88.493835,152.38829
B_C1,CZ,79.879662,78.679329,96.080276,57.961315,101.54748,,57.960514,21.216612,60.999645,119.44689
B_C1,AT,75.000069,73.637817,92.959808,54.640335,87.228477,,61.985661,25.197718,52.18652,100
B_C1,ES,81.684525,79.623817,100.32156,58.796177,119.96834,,85.477081,56.825752,137.41528,170.59796
B_C1,CY,66.465958,65.276062,79.758896,48.003082,103.97005,,69.853569,45.254471,53.320877,86.837921
B_C1,BE,84.174683,82.944832,108.62484,63.364388,96.574478,,64.410118,30.99382,51.620861,124.45296
B_C1,MX,68.02523,63.383965,85.186638,39.461918,139.65662,,58.833267,38.8592,86.636238,273.36713
B_C1,CN,,,,,,,,,,
B_C1,IN,,,,,,,,,,
B_C1,LV,66.724785,65.031105,79.31398,47.120487,101.89613,,54.741909,39.091942,108.13416,143.68079
B_C1,EE,88.858986,86.692604,109.5931,62.936489,169.49257,,115.02551,76.240631,129.06313,159.95926
B_C1,CO,52.695347,47.834976,55.615051,26.687174,90.007813,,26.566936,25.56543,101.54483,389.05862
B_C1,IE,107.46117,104.64431,132.23596,73.827423,171.10828,,71.605957,49.29142,76.39019,171.83383
B_C1,AU,69.078705,64.715355,89.374466,41.146385,146.84534,,65.000252,40.715408,78.457001,228.57655
B_C1,DE,80.012115,78.655029,99.822472,58.161873,108.17127,,53.206799,31.204449,47.110687,116.51294
B_C1,MT,96.038643,95.228256,121.87556,70.954697,99.890266,,77.257896,20.420156,58.185055,136.69168
B_C1,NZ,78.197281,72.010475,90.941826,42.749924,148.30519,,54.836319,41.616287,122.76833,433.58542
B_C1,NO,80.824226,78.643295,103.04575,57.852463,121.53361,,70.645164,50.589256,134.59128,176.02754
B_C1,BG,57.142475,56.280823,67.628433,40.857838,94.646881,,55.950462,29.31497,42.515369,77.943283
B_C1,IT,66.032372,64.906784,82.525352,49.333626,69.337769,,49.267376,19.905373,50.290108,99.086555
B_C1,RO,67.553055,66.026649,81.489746,46.972511,159.96039,,132.64095,95.173691,101.49368,99.281532
B_C1,CA,100.64149,94.669365,133.34578,61.12326,219.44452,,100.45053,60.69315,103.8924,279.39996
B_C2,IN,,,,,,,,,,
B_C2,SK,80.427101,77.861191,85.77858,34.615936,203.52826,,45.760952,42.559402,292.00803,82.801544
B_C2,LU,79.26815,83.99482,87.231743,34.896122,162.73778,,40.866589,36.67852,263.63995,86.219177
B_C2,CA,60.627636,55.17028,74.005379,34.211342,89.436508,,54.703831,69.356201,105.33414,67.239265
B_C2,MX,112.29884,102.98899,145.93369,72.186592,209.17842,,119.72007,84.266747,166.1398,131.01184
B_C2,DE,145.33574,144.91495,168.63051,61.897129,432.25034,,77.722755,89.594765,509.26028,152.02057
B_C2,TR,32.661671,34.567711,37.228188,15.425209,67.487785,,19.905111,18.598995,74.925102,37.30801
B_C2,CH,117.30804,121.70008,134.65454,46.92976,100,,43.806961,17.967978,254.32051,127.39658
B_C2,NO,107.98661,102.40391,116.85257,43.252308,307.03159,,66.703423,66.948578,456.9726,109.06921
B_C2,US,50.489925,45.597187,62.94841,22.588438,152.82292,,27.633198,30.086287,100,50.903248
B_C2,UK,108.60275,121.84827,130.85539,52.294678,103.33218,,71.798241,63.875572,242.64816,130.72482
B_C2,IL,46.50399,41.990601,53.135414,22.627151,50.763931,,34.420681,36.775913,92.669479,48.924828
B_C2,HU,111.91089,111.88449,113.11645,45.476437,331.38861,,69.322136,69.748909,473.83551,117.71343
B_C2,EE,83.528214,83.867241,92.218575,38.975533,119.64651,,32.005432,21.740778,193.13033,91.972191
B_C2,HR,52.40229,50.535713,56.727589,22.025105,91.131462,,28.587294,18.618998,172.22876,54.978542
B_C2,CN,,,,,,,,,,
B_C2,SE,92.972,88.774231,106.91761,39.795685,275.05872,,56.734165,59.187401,326.63364,95.334686
B_C2,KR,198.40788,177.08844,227.35498,79.914909,698.75452,,98.394821,100,614.70593,189.98065
B_C2,RO,125.08527,116.2616,129.26413,51.473259,335.4938,,82.321449,71.558784,481.81815,122.97544
B_C2,CO,,,,,,,,,,
B_C2,JP,235.3082,209.95607,275.06342,89.264824,699.81635,,100,111.34132,665.19739,223.96826
B_C2,IT,104.57951,107.05412,114.68501,43.843758,275.68021,,56.954659,57.220898,371.11795,111.98547
B_C2,NZ,67.917084,61.086563,74.952866,30.408142,61.120354,,44.767506,41.723728,144.00539,69.518188
B_C2,SI,123.10689,117.54885,128.91115,49.557365,401.79099,,80.294617,84.829369,561.87256,120.79677
B_C2,CR,,,,,,,,,,
B_C2,DK,122.18492,118.43075,153.8615,58.013035,304.21249,,72.891617,75.751953,298.92548,125.1106
B_C2,PL,46.480309,49.08205,52.50362,22.381254,83.51619,,22.677841,20.320776,105.32024,52.538696
B_C2,LV,122.46079,111.94823,119.48063,48.632889,415.68921,,89.410881,88.76403,594.22046,118.60758
B_C2,MT,63.442505,71.141907,69.706657,29.996859,110.68444,,33.444565,29.357971,146.46129,75.384941
B_C2,FI,126.52826,116.4921,143.6582,53.154442,352.97256,,74.393158,74.191025,517.10065,119.25119
B_C2,IE,54.053566,55.47905,59.125591,22.569021,126.46072,,31.023371,26.949945,180.52327,58.155861
B_C2,ES,98.42527,97.634735,107.03578,41.236916,266.44281,,61.889954,59.501534,383.72955,101.99328
B_C2,AU,74.788322,68.588181,97.188316,48.074528,139.30779,,79.730682,56.119621,110.6451,87.250732
B_C2,NL,89.534973,103.54505,110.18655,42.619713,138.35809,,28.695402,29.503405,132.724,105.40659
B_C2,FR,114.10505,112.59101,134.97246,49.339886,382.10767,,68.683174,82.060837,368.3786,120.24698
B_C2,CZ,98.582748,95.220627,113.95081,43.580891,267.91199,,53.660301,56.625751,312.48517,100.097
B_C2,BE,69.22036,76.583267,83.660133,33.616108,119.5041,,28.712976,28.459084,117.07197,80.160141
B_C2,EL,109.01854,108.58649,114.15303,44.270496,336.62033,,62.214333,68.108551,487.81091,113.14738
B_C2,IS,32.654305,36.083782,42.050117,16.04253,43.300934,,14.55959,11.97579,35.938068,39.626541
B_C2,AT,101.15763,98.74247,122.05424,45.476437,244.83644,,52.905533,54.225681,305.80515,100
B_C2,CL,145.96304,133.86234,189.68071,93.826202,271.88452,,155.60896,109.52767,215.94409,170.28571
B_C2,BG,53.776302,54.184795,59.012184,25.004286,70.770493,,26.248896,15.957556,114.07494,60.800087
B_C2,LT,64.658363,63.433315,77.62307,31.958088,131.58066,,32.702209,30.203188,108.94498,71.108315
B_C2,CY,40.671803,45.044155,43.294525,17.336594,48.482819,,14.686339,8.2879562,107.09391,46.196842
B_C2,PT,81.093964,77.60331,84.116341,33.552414,259.75513,,53.960205,56.56628,359.33878,79.593788
B_C3,PL,80.95929,84.045677,78.305466,43.969418,62.671604,131.07416,63.299671,44.491898,161.17633,81.516579
B_C3,DE,100.4116,104.70611,124.73701,53.580891,100.45237,1981.0496,136.0246,97.439232,289.79849,101.78278
B_C3,MX,67.012711,67.084785,64.322357,27.881512,87.330635,60.946594,76.61731,57.700665,168.38527,66.571564
B_C3,SK,102.53759,105.09843,95.585609,50.164787,129.24306,250.64839,149.12296,102.26546,440.63321,98.992676
B_C3,CN,21.526875,20.779621,21.129042,7.747858,26.50141,100,37.361111,24.399153,118.54027,17.49
B_C3,ES,77.328758,80.030975,79.210457,42.140202,73.025108,299.1185,65.274582,48.442451,124.3561,77.983978
B_C3,MT,73.645927,78.655754,84.074989,37.059319,80.216965,566.03125,76.06868,57.788498,140.4268,75.178688
B_C3,LU,108.32922,111.05753,181.91927,58.662739,103.41534,3891.7429,161.31044,124.48949,285.61795,110.88804
B_C3,HR,92.065552,94.2323,84.061676,50.402397,46.904125,117.2653,51.668667,36.619427,143.56351,91.85939
B_C3,KR,106.65108,105.40506,156.38692,50.937336,114.81158,1888.4364,136.21002,100,254.5116,110.24738
B_C3,IE,61.332989,63.790962,82.870056,30.807297,70.333946,1179.8771,76.41964,62.280663,126.18535,63.682255
B_C3,AT,98.644447,102.79667,124.54565,53.002548,103.2548,2020.1312,137.16261,98.674187,286.1712,100
B_C3,EL,42.199135,43.976101,40.593243,22.138527,43.153919,70.506653,30.050224,26.177305,35.465008,42.771061
B_C3,PT,75.816803,77.249916,72.302635,39.05714,80.935951,213.11716,70.027283,55.180599,136.4996,77.618729
B_C3,NZ,35.578373,35.445908,44.089981,17.148331,44.338699,261.5592,37.619873,29.185617,56.374229,38.033325
B_C3,IL,61.734577,62.755188,85.451324,27.535639,61.822914,1063.2678,69.248352,55.591221,118.32748,64.122627
B_C3,BE,102.84026,111.13174,122.38882,55.970383,99.959869,1290.3574,115.24995,86.1959,245.93857,107.28066
B_C3,IN,5.9608269,5.7505069,5.1543317,2.0565999,7.6770811,14.802698,10.386685,6.7515421,34.158188,4.7094007
B_C3,NO,80.049095,78.696938,85.715851,43.459549,63.55817,662.61987,64.954414,45.836815,110.71109,82.145065
B_C3,BG,71.52681,72.481117,68.081673,38.578163,68.55204,99.590981,67.359352,45.988491,170.68619,71.675369
B_C3,US,60.350372,61.196262,81.037033,27.508551,64.278267,856.13403,64.700752,52.098663,100,63.934731
B_C3,CR,3.8809667,3.7658367,4.2269907,1.4487039,4.514473,26.990431,6.591177,4.3875217,20.211176,3.2203681
B_C3,LV,96.321632,98.433334,95.564484,52.925682,91.809242,225.22766,80.628426,59.614532,164.5321,98.927292
B_C3,CZ,81.154243,86.371117,88.352089,39.726875,103.70712,284.7771,116.40462,79.078773,327.15045,76.960159
B_C3,NL,110.72029,124.1069,141.87036,60.373444,89.262932,1866.484,114.29429,87.32856,222.22942,116.15243
B_C3,CL,69.338234,70.184296,72.118668,31.832281,91.269508,21.772142,62.165257,51.751556,76.677299,75.208748
B_C3,TR,35.973366,35.459225,35.914944,18.230572,46.926716,66.546425,42.740623,30.304197,97.17894,36.81316
B_C3,CA,63.215908,63.456669,74.452309,28.655361,76.685532,443.47653,68.129318,53.045612,116.13661,66.236435
B_C3,FR,85.710976,93.136475,102.1739,47.069065,71.737114,1016.0884,78.439346,59.039333,137.73882,89.368561
B_C3,IT,85.548279,92.195343,91.864906,47.928574,57.268559,394.39005,61.207798,43.195332,139.62238,86.45961
B_C3,CH,124.29556,123.21586,228.93758,60.976601,100,4118.9541,175.18376,128.578,321.32034,128.82967
B_C3,CY,87.79586,91.495239,84.039391,41.882908,94.602081,512.21191,74.608269,69.989632,95.671844,90.050339
B_C3,UK,92.574936,99.906479,103.48306,52.274605,73.825981,846.21667,65.92955,52.590744,88.057106,97.71698
B_C3,CO,1.7888232,1.7265809,1.5719646,.62032837,2.2890484,4.960701,3.1103916,2.0256801,10.187145,1.4175485
B_C3,AU,46.176247,46.451664,54.200401,21.640026,57.631695,244.44891,45.531609,36.509567,61.993858,49.887325
B_C3,JP,84.344421,84.645905,118.63773,38.874268,88.323967,1426.9591,100,77.147751,179.49591,87.175331
B_C3,EE,108.83432,115.93791,104.96302,50.254025,127.73333,538.62592,127.45082,100.66882,294.38126,109.87689
B_C3,RO,81.183807,82.590874,73.80088,39.97517,100.20316,78.570183,88.482254,69.109131,194.11551,83.083893
B_C3,DK,113.64131,113.6595,165.87454,63.476337,149.07217,3391.7854,212.37956,140.96936,398.47238,118.93952
B_C3,IS,71.286804,69.761963,75.41156,38.26041,53.092495,496.94952,49.614483,35.808949,74.470985,69.111305
B_C3,HU,99.891304,101.78102,94.077759,50.432537,118.2103,241.65083,130.08821,89.706871,365.74619,97.392426
B_C3,LT,102.98021,105.20079,96.225594,52.842712,103.32348,232.64212,95.068314,73.525848,210.83435,102.62825
B_C3,FI,82.293945,82.609703,104.03714,43.827454,83.901947,2027.9915,117.07941,85.289253,228.92871,83.220787
B_C3,SE,90.504204,92.59906,116.56084,49.047367,88.354477,2176.8188,124.31761,90.284477,243.84743,93.073647
B_C3,SI,106.73219,110.37658,108.7353,56.981636,102.88885,544.54156,118.25401,81.435623,313.16479,106.29481
B_C4,MX,,,,,.17152677,,.043701716,,,
B_C4,IT,61.912277,62.926285,77.079903,43.817009,95.569191,117.4631,84.493393,66.28318,1512.5944,60.217289
B_C4,BG,51.959221,51.343483,54.653988,33.73148,47.875011,,70.960159,31.230677,1208.6244,53.470196
B_C4,HR,58.50782,58.026134,68.642792,40.620914,59.03397,108.33002,70.188652,52.003029,1835.8347,58.489841
B_C4,LU,89.049835,89.833191,121.46341,70.770119,89.840889,670.88623,128.73422,135.34418,3136.2083,94.876671
B_C4,NO,105.32044,107.32172,141.36044,77.624977,160.78662,773.31549,143.36844,135.16095,2885.843,104.11447
B_C4,NZ,104.98076,107.43262,147.03665,81.767235,154.90152,779.51953,117.10983,132.94997,4925.5947,104.56833
B_C4,MT,58.837944,58.959454,75.224312,44.159851,60.284222,322.82623,75.009499,75.511604,2507.1182,60.145138
B_C4,SK,57.124428,57.305893,70.658997,41.349796,67.991997,264.3396,73.982811,61.827316,1466.4526,57.55447
B_C4,CA,95.898483,98.475395,131.77577,72.633232,148.59833,638.53918,128.58481,122.07542,2454.5486,97.502136
B_C4,LT,78.329666,78.111153,97.604988,57.019375,80.887077,411.43018,100.19919,85.062729,2133.1951,80.184441
B_C4,IE,114.53254,115.26797,145.96329,81.81356,160.56796,605.65717,140.71843,120.26391,2262.5847,111.55283
B_C4,CH,101.70835,101.77937,135.12764,78.768761,100,696.26056,133.56769,136.20015,2952.1951,105.65241
B_C4,PL,62.695461,63.43499,76.028175,42.80019,96.926697,166.73604,81.415077,58.082954,1349.4978,60.652992
B_C4,FR,97.281853,100.14138,128.04407,67.689278,198.64499,550.85785,125.04918,103.12953,1025.2463,89.253716
B_C4,SI,83.315643,84.54306,106.14451,58.784039,128.37689,423.96872,108.87626,89.21096,1993.9293,80.618973
B_C4,CY,60.385326,60.351074,74.432083,44.521805,58.720596,244.507,86.649651,65.661041,1182.5529,63.459702
B_C4,FI,104.65158,104.81705,138.97765,80.208389,113.79187,794.83856,132.64935,135.21262,2576.948,106.9247
B_C4,CO,,,,,1.4984678,,,,,
B_C4,PT,90.93541,93.114334,116.91293,63.045685,163.58301,475.96716,119.69594,99.254471,2482.6638,85.432831
B_C4,CN,32.477402,34.50322,45.902344,26.425781,74.411369,100,54.575752,34.797058,,31.093058
B_C4,DK,102.25173,102.59043,136.52728,78.497391,112.61121,752.51367,133.56174,133.80983,2495.2568,104.94
B_C4,US,81.746384,84.610527,113.84962,62.68224,145.4883,590.65082,117.84856,100.58828,100,82.72036
B_C4,AU,95.414528,98.046471,137.46744,77.052856,139.88869,645.85144,126.39881,124.57868,2542.0693,98.575851
B_C4,LV,62.734318,62.414337,78.549896,46.529034,59.608253,354.92581,78.249039,71.465721,1796.1522,64.758484
B_C4,UK,107.72877,110.68849,141.82045,75.792847,204.52892,595.91797,147.79843,119.2117,1468.6514,102.02671
B_C4,RO,51.4771,51.065006,58.370129,35.627026,52.000259,155.74649,64.78685,43.834808,1389.7854,51.460495
B_C4,IS,108.63978,112.00295,149.77338,79.879486,200.26408,694.32849,144.24457,134.57239,4054.9778,103.18723
B_C4,TR,34.785358,36.040623,36.898346,20.008255,88.532425,,59.736908,.6224156,,31.291462
B_C4,HU,84.695488,85.927811,101.81069,55.601398,139.10504,224.64362,111.2774,71.973656,2247.3411,80.381882
B_C4,CZ,80.234619,80.899338,102.37074,58.163494,104.71485,420.59659,103.07144,93.038078,2491.2356,80.151367
B_C4,NL,104.41878,106.83135,141.31197,77.695755,165.73615,694.79352,148.97934,137.46716,2412.5786,103.90052
B_C4,DE,83.467163,83.708076,110.89226,64.122231,94.514977,615.41333,105.34634,108.82879,1985.368,84.945221
B_C4,BE,92.796768,95.726768,123.61427,65.993828,178.65018,547.47156,131.86333,110.17332,1634.7404,88.554199
B_C4,ES,67.128838,67.50605,86.394035,49.818558,85.004433,353.45248,84.372635,78.536461,1520.3865,66.507721
B_C4,EE,86.1185,86.244415,110.88459,64.522598,92.471184,542.68616,114.44263,102.957,1993.4769,88.837463
B_C4,CR,48.796787,49.105122,63.078392,39.584328,42.569435,214.82269,48.344006,65.351593,3555.7056,49.700287
B_C4,CL,41.167385,41.818878,59.429012,36.184021,44.034283,359.13861,54.518829,57.093365,224.99988,44.426746
B_C4,IL,42.799274,44.387623,65.961357,38.95797,73.109238,417.85751,66.216103,54.057167,,45.731312
B_C4,SE,96.432205,97.364143,128.62729,72.876053,119.822,666.20825,130.75758,126.68874,2702.3276,98.397003
B_C4,AT,103.73901,105.71626,137.23161,75.014847,168.97968,725.44647,135.42548,123.62756,2403.186,100
B_C4,KR,89.753815,94.355164,127.06979,65.593079,203.85373,474.59329,119.47144,100,1990.0508,84.239441
B_C4,JP,80.362015,81.946747,109.73303,62.25423,108.1515,608.90283,100,106.83329,2665.7048,82.032425
B_C4,EL,50.383068,50.751926,62.381836,36.672421,67.807762,158.7075,67.122421,51.368595,436.98459,49.720585
B_C4,IN,8.292614,8.6777411,12.432014,10.193027,8.5081778,13.698109,20.88373,11.198974,,10.213895
B_C5,IE,134.83057,129.18983,140.18619,76.094131,231.77596,,196.81035,124.21124,144.79408,193.57127
B_C5,PT,97.685883,96.314117,97.012939,63.97892,119.66939,,188.74371,124.85989,95.488533,116.70993
B_C5,DE,86.820732,85.517654,88.138443,53.88612,116.84965,,141.5114,89.579681,121.94801,111.01276
B_C5,CY,79.531876,78.434273,79.776924,49.109238,112.52509,,120.59747,48.16209,102.60564,101.90872
B_C5,KR,89.301575,96.445999,99.57885,41.863796,106.52674,,175.02322,100,213.04234,167.72198
B_C5,MT,97.254776,95.197456,97.608833,61.76482,132.43591,,78.892075,31.506525,67.122238,115.35443
B_C5,AU,81.881615,96.697098,104.10575,12.013289,117.16525,,167.93164,67.065575,142.87807,220.38043
B_C5,DK,113.73345,112.32422,117.25295,66.944778,164.22232,,219.20924,130.84535,221.68135,157.72928
B_C5,CA,100.61905,118.82485,127.92887,14.76236,143.97684,,206.36041,82.412575,175.57368,270.81134
B_C5,PL,134.96773,138.9512,143.43993,69.967438,184.6904,,368.64282,189.99509,615.29321,214.48268
B_C5,LT,116.50323,117.81944,120.89691,67.782738,150.99921,,291.92554,168.02554,348.48602,166.20265
B_C5,FR,98.875999,97.33596,99.870499,61.398361,130.58986,,165.57204,103.2288,135.39583,124.84911
B_C5,FI,112.00285,108.88632,115.23712,66.917435,173.13837,,170.74707,108.81244,141.32744,152.69441
B_C5,LU,71.487907,71.340652,71.898109,46.415386,90.179855,,130.44954,82.290405,114.97334,89.969025
B_C5,CH,81.194366,80.622391,81.856003,51.183521,100,,176.54936,111.67561,121.94579,102.54649
B_C5,CL,92.786362,96.446877,97.391769,53.804878,99.9674,,182.27394,114.25893,115.35748,145.82745
B_C5,IN,,,,,,,,,,
B_C5,CN,,,,,,,,,,
B_C5,MX,75.994194,78.245857,78.765884,47.5294,81.287384,,146.18938,96.348091,73.275566,112.22717
B_C5,SE,137.70203,142.47662,148.46109,69.211189,190.82872,,398.20932,201.58102,689.11206,226.60712
B_C5,EL,267.72827,295.36469,312.48492,89.949402,373.00769,,1192.5195,521.39722,2671.6365,570.17896
B_C5,CZ,89.833908,90.234894,92.153954,52.077755,122.71964,,182.67526,103.53398,244.99617,125.84242
B_C5,RO,133.38031,130.7749,135.52031,81.695892,189.0425,,234.95924,147.27071,164.46965,175.14404
B_C5,EE,115.93211,112.16921,117.99648,70.869843,181.60162,,183.08995,120.57002,101.89905,155.70151
B_C5,HU,85.0298,83.25724,85.664955,52.809975,118.43724,,137.19987,88.496849,97.711761,108.4708
B_C5,AT,83.981926,82.262436,83.700989,54.787922,108.57993,,129.86707,87.858818,64.832466,100
B_C5,SK,88.945229,88.956764,90.291855,54.628227,115.94471,,181.65201,110.95644,188.96825,118.1953
B_C5,CR,27.93379,32.988071,35.515522,4.0983157,39.970749,,57.289631,22.879322,48.742641,75.182457
B_C5,BG,145.03163,148.39235,156.4127,71.818283,216.72778,,622.08472,248.43721,529.27643,236.59738
B_C5,IL,62.25029,66.78524,69.543793,26.184282,72.100296,,110.10326,43.971096,93.677055,105.50728
B_C5,JP,52.376625,55.157196,56.309772,29.668182,59.823349,,100,63.161793,85.081085,86.330696
B_C5,NO,94.711494,93.455063,95.695129,59.887814,127.24116,,180.44269,116.86235,122.89931,120.95839
B_C5,LV,106.10535,104.7422,106.82733,67.565231,139.38086,,225.09349,145.2388,127.23344,135.53046
B_C5,SI,178.57526,192.67311,201.2085,72.825417,238.25275,,690.07825,318.25476,1434.7698,341.62161
B_C5,TR,94.140594,94.344254,94.704475,59.273094,113.75153,,203.05309,124.53006,174.22063,119.63234
B_C5,NZ,63.175098,68.035263,69.630569,26.667694,71.033295,,131.64862,69.52713,97.12381,121.03441
B_C5,NL,115.39587,120.60579,124.92415,57.438866,152.85533,,370.18039,188.75308,631.65344,192.76126
B_C5,IT,84.357506,82.928444,82.891121,56.32526,101.77213,,145.50198,99.098473,55.407818,96.677025
B_C5,HR,108.7959,106.16144,109.25216,66.297058,154.16858,,117.39872,46.884624,99.884109,134.15654
B_C5,US,57.308731,67.678055,72.86335,8.4080706,82.003654,,117.53493,46.939026,100,154.2437
B_C5,IS,113.69993,110.95303,114.54101,72.229813,160.2827,,206.7623,137.09041,87.741348,144.52864
B_C5,UK,98.798706,96.268677,98.459381,63.135303,130.45203,,155.04236,104.70759,70.726639,118.81596
B_C5,ES,93.323441,92.657722,93.578789,59.626591,115.68176,,203.20465,128.88681,133.87895,116.92155
B_C5,BE,77.454094,76.415291,77.266869,51.082172,95.620537,,154.22559,102.45356,71.258919,93.23629
B_C5,CO,25.279963,29.854065,32.141399,3.7089586,36.173359,,51.846874,20.70569,44.111885,68.03981
B_C6,FR,160.73267,190.71298,215.48212,65.999535,167.52538,245.33859,73.023201,92.834122,76.307457,201.28326
B_C6,AU,37.001202,44.786194,60.978737,7.8694425,30.322067,148.41716,8.3603382,11.397332,17.1548,45.502319
B_C6,CO,,,,,,,,,,
B_C6,IS,29.05636,29.374929,69.401405,20.101938,21.624792,530.97668,26.826298,25.121618,45.235695,35.510536
B_C6,MT,169.82658,226.03067,151.71877,73.994232,267.09689,102.3286,75.597588,70.193527,94.381653,172.63554
B_C6,CY,43.693054,45.442871,51.250675,49.720108,59.701279,50.679634,56.751953,63.532276,45.715614,62.577343
B_C6,SI,44.194981,46.582905,52.909531,44.737141,61.293873,112.01888,44.799686,50.989887,43.225075,58.465698
B_C6,CR,,,,,,,,,,
B_C6,KR,327.65546,414.34174,426.67325,79.092331,366.99976,528.59827,82.460335,100,123.61624,383.02826
B_C6,FI,102.59306,110.66438,158.27107,78.693542,115.73792,424.06451,86.948235,104.63589,103.54011,125.34916
B_C6,JP,759.23682,960.57898,1001.9182,105.74248,700.96198,730.15247,100,171.48683,163.15115,877.25897
B_C6,SK,38.696453,40.759605,40.828506,41.931671,53.487671,52.616215,39.867393,46.649742,36.343159,52.680355
B_C6,BE,82.582253,89.537857,123.35754,59.41346,95.070671,324.03864,65.203651,76.969795,73.699783,103.79698
B_C6,NO,,,,,,,,,,
B_C6,DE,285.25266,348.17221,380.05447,88.933075,286.58646,369.90369,88.10936,117.77626,104.11906,352.0538
B_C6,DK,89.928047,94.711319,147.00589,81.000687,101.18716,421.513,117.73918,128.64909,103.24999,122.99406
B_C6,TR,,,,,,,,,,
B_C6,SE,97.429298,108.94561,146.25502,61.727188,108.02959,385.7095,59.088253,71.421089,79.267555,120.85429
B_C6,EU27_2020,576.24603,725.49872,745.30444,88.34655,529.26056,249.80486,91.864029,147.94533,95.959251,716.45508
B_C6,LV,48.405937,51.762547,53.446774,49.607727,73.15464,100.25019,48.72089,52.444405,44.609352,67.511894
B_C6,HR,43.044319,44.369236,44.942112,49.292637,58.160149,44.777,46.82782,55.438541,40.97504,59.342026
B_C6,NL,132.72949,157.15941,188.28943,64.374428,150.10388,398.21597,70.546333,82.625084,90.317886,157.8679
B_C6,ES,59.552189,64.797363,72.802513,46.952362,74.12529,87.912331,47.854065,59.243061,46.391582,75.840065
B_C6,HU,58.437984,64.537979,61.427032,50.060459,91.77533,63.178272,49.591293,59.538284,50.389732,70.541809
B_C6,IN,,,,,,,,,,
B_C6,RO,39.468529,42.860588,39.60128,39.213421,57.394505,30.622601,36.822376,44.062355,35.19569,50.780186
B_C6,BG,51.363831,52.365055,56.593185,61.211853,73.099678,49.75568,63.316498,73.147842,52.199245,72.9505
B_C6,CH,103.10945,114.64708,169.48988,65.342354,100,511.88931,74.821739,89.000031,95.451553,126.36417
B_C6,UK,122.61302,144.24774,158.61678,59.914379,137.18832,176.11292,63.179909,77.071709,64.125412,158.98985
B_C6,US,629.45532,799.64307,822.48254,85.007759,585.73395,312.14606,91.114555,146.21762,100,797.87903
B_C6,NZ,,,,,,,,,,
B_C6,LT,52.247814,53.74416,64.997581,58.937851,72.563126,79.469887,71.019653,79.230614,55.347294,73.977348
B_C6,PL,52.066051,56.885906,54.818718,45.023792,77.821373,50.223053,43.363926,52.846695,43.420887,63.812996
B_C6,CL,6.1281261,7.1796846,10.442954,1.6105291,4.9581966,36.540428,1.8996898,2.3432512,3.6294982,7.361537
B_C6,MX,,,,,,,,,,
B_C6,PT,39.695805,42.997307,44.808365,36.728039,55.472248,63.5065,36.495998,42.571232,35.059731,50.957184
B_C6,CN,405.46823,519.63239,504.6669,80.895256,414.74432,100,87.452362,121.27296,85.250168,514.86841
B_C6,IL,,,,,,,,,,
B_C6,AT,89.100266,100.37436,132.66817,52.831715,102.91287,354.22787,56.726444,70.486336,77.27375,100
B_C6,LU,72.312599,76.637062,111.11154,54.92321,86.49025,409.42438,52.6404,68.640518,80.449371,76.901413
B_C6,CA,74.660538,92.314049,116.56904,12.403887,62.01358,208.76819,12.625293,19.040365,26.090424,92.734779
B_C6,EL,37.076729,38.156147,39.942852,42.886284,49.224659,41.189663,41.600342,50.300983,37.745255,50.843502
B_C6,IT,77.40126,87.043343,94.346359,52.352478,88.428268,105.41167,51.828857,65.808502,51.9561,95.868683
B_C6,IE,83.414391,99.813187,91.798584,57.377666,117.85938,154.0983,57.497955,62.276482,63.157536,98.926384
B_C6,CZ,60.882542,69.871201,60.738338,46.691845,96.715233,59.336323,44.647812,52.581936,48.500355,71.104401
B_C6,EE,75.028641,83.513557,83.992752,62.110912,113.26156,154.18948,59.16161,69.42202,65.819664,89.521782
B_D1,BE,94.976822,100.31535,110.18338,67.214401,82.630272,293.92963,132.3775,130.75296,91.280029,100.85299
B_D1,AU,95.275627,96.605888,116.1588,77.592705,83.986122,282.76544,133.8037,132.55161,92.554283,101.46625
B_D1,HU,87.574921,91.169708,96.919167,61.126423,80.181709,190.84096,91.421417,90.630112,63.285614,90.455688
B_D1,LV,81.407478,84.313011,90.395058,56.183487,75.767693,182.25308,84.438141,83.544296,58.329948,86.696754
B_D1,IS,92.397446,98.738281,106.4808,65.804581,81.829247,304.42017,141.18144,139.69531,97.534546,96.444389
B_D1,TR,51.739513,54.936813,61.82019,34.578094,39.314594,178.7599,80.301796,79.303833,55.362259,52.518398
B_D1,IL,74.667496,75.21283,95.778091,63.984772,66.671524,238.94774,105.91959,104.51727,72.959732,80.68602
B_D1,NO,112.1681,118.6012,130.28209,77.37204,91.310081,373.02341,160.87637,158.47171,110.61026,115.88935
B_D1,IT,87.800873,93.095703,102.39445,61.52692,73.496147,238.19891,110.70424,109.55269,76.489761,94.52578
B_D1,AT,97.481903,102.72671,112.64478,67.773132,81.010254,307.45941,131.94124,129.92751,90.684952,100
B_D1,SI,92.278343,96.939995,104.5413,64.581726,80.617844,227.44519,111.06097,110.21922,76.970062,95.259781
B_D1,IN,12.267171,12.43377,15.310534,8.2679138,9.2802734,37.449047,16.163153,14.903263,10.353498,12.18016
B_D1,CN,32.756962,33.201832,40.88364,22.077766,24.781065,100,43.160381,39.796104,27.646891,32.524616
B_D1,CZ,106.18939,111.3531,117.85036,71.604759,95.382256,231.44746,109.30681,108.27168,75.60022,107.76442
B_D1,PT,78.10775,81.184135,88.715515,55.999573,67.892136,191.30324,95.423065,94.811859,66.215866,81.390785
B_D1,NZ,86.513626,87.723114,105.35689,71.036896,76.778648,243.80046,121.85696,121.08997,84.568939,92.432602
B_D1,EL,73.787086,76.877647,84.506302,53.147755,64.601738,167.86089,83.337593,82.782394,57.813568,79.294098
B_D1,CY,81.212456,85.025131,92.669594,56.735813,67.207581,171.43634,73.992577,68.224983,47.396816,82.63385
B_D1,LU,106.62467,114.50517,124.63498,72.853058,85.987877,,141.19597,147.99445,103.72338,113.31239
B_D1,CL,53.9011,54.655548,65.573692,44.586182,48.12751,144.5752,76.123779,75.854889,52.986839,57.757
B_D1,EE,93.680824,95.997971,104.26942,65.574448,91.460602,219.95322,106.38885,105.52602,73.689949,101.9806
B_D1,HR,75.025841,78.15741,83.90123,52.020477,67.072334,179.72148,77.568474,71.522148,49.687401,78.479752
B_D1,CR,39.449871,39.985634,49.236992,26.588701,29.844337,120.43202,51.97892,47.927254,33.295708,39.170052
B_D1,SE,96.24839,100.1709,111.23739,69.948273,84.777451,304.57507,140.33153,138.80026,96.907043,102.62711
B_D1,ES,79.635452,83.95327,92.699326,57.47345,67.512558,215.38222,109.18214,108.57819,75.834686,85.43158
B_D1,SK,80.696236,83.914154,90.415039,57.176289,75.323914,181.02924,100.3857,100.29302,70.069954,86.486816
B_D1,LT,86.70031,89.405846,96.710541,61.062923,81.378601,223.29315,100.86127,99.641403,69.561569,91.883011
B_D1,FR,92.865364,98.524712,108.0679,64.94191,78.387138,255.60361,118.73076,117.49207,82.032867,98.915802
B_D1,MT,115.63391,122.36584,131.32275,74.779999,90.806236,253.70387,109.49956,100.96426,70.141228,115.99068
B_D1,DE,120.68745,127.93893,137.83794,80.444656,100.293,302.11087,132.55247,130.7137,91.242508,122.64948
B_D1,CH,129.834,143.18964,153.99178,87.687103,100,403.53391,161.427,158.2186,110.39555,138.78488
B_D1,KR,73.247353,74.26593,89.61441,58.136101,63.217903,251.28088,101.93002,100,69.778671,77.228203
B_D1,RO,79.590561,81.718811,86.27327,53.960979,75.747719,174.84215,75.46254,69.58036,48.338417,84.284882
B_D1,MX,43.180649,43.785946,52.463566,36.049244,38.849899,108.42718,61.187943,61.183571,42.748505,46.439461
B_D1,JP,71.584488,72.581635,87.45211,57.437546,62.335747,231.69397,100,98.510056,68.758377,75.793823
B_D1,NL,122.70673,133.31914,144.64351,81.713226,98.052887,321.64023,147.9325,146.30286,102.14443,128.93053
B_D1,CA,95.519806,96.854858,116.35136,78.302292,84.656006,272.07733,134.4623,133.53278,93.255013,101.98842
B_D1,DK,114.63254,120.13605,133.28751,77.763863,91.223083,329.28284,147.55734,145.70166,101.71373,118.16692
B_D1,PL,88.947685,92.827858,98.013634,61.270306,80.391769,198.35329,93.731964,92.847488,64.830498,90.471733
B_D1,CO,38.303741,38.842247,46.418808,32.557888,34.978519,83.217888,54.635826,55.001968,38.446899,41.492245
B_D1,IE,123.79516,131.00983,147.40729,82.809479,89.220627,582.2757,195.06451,188.61179,131.4783,127.33212
B_D1,FI,87.310165,90.544762,100.12663,63.525105,79.297867,276.9653,132.81931,131.67766,91.94886,91.961464
B_D1,US,105.03023,106.49061,128.51195,83.299835,90.593521,361.70432,146.12019,143.31305,100,110.7065
B_D1,UK,119.12048,128.42258,141.70357,78.029358,99.277191,255.52174,120.93713,119.80688,83.655334,132.55617
B_D1,BG,80.306953,82.680191,86.207405,55.652222,78.696007,138.60452,59.822239,55.159199,38.319839,83.951744
B_D2,SE,114.08561,113.21463,185.71704,79.732231,107.81693,507.50851,157.75371,429.62204,148.9846,136.27005
B_D2,SK,56.555305,55.715931,68.204445,39.718903,53.69088,151.46031,61.179562,50.344193,65.898064,61.33411
B_D2,IE,91.660507,90.957321,126.22775,62.583038,86.377602,332.52264,106.8727,347.99979,99.099411,107.43306
B_D2,PL,50.270027,49.65416,63.05125,35.752674,50.34808,150.67398,56.009037,44.430729,57.986282,55.886631
B_D2,IN,28.359934,28.710508,36.948116,21.949604,23.888184,53.57275,48.011536,30.783037,27.112297,30.895981
B_D2,RO,32.580952,32.292225,38.376312,22.544285,29.430914,67.965248,35.537338,29.403873,37.181995,33.983898
B_D2,CO,22.550772,22.559502,24.912579,14.161948,20.566433,45.233208,19.038258,16.499308,23.162758,23.139656
B_D2,CH,129.22168,131.03531,230.5231,84.981552,100,682.0177,175.20145,1097.5464,179.54356,168.49045
B_D2,LT,56.69788,55.753368,70.357903,40.426853,55.312752,177.52957,63.330151,50.253803,64.116066,63.540226
B_D2,NO,78.596306,77.04039,122.77538,56.129196,74.026985,414.34369,135.42346,188.62088,108.9441,91.755074
B_D2,BG,53.423298,53.092659,59.917908,36.388584,51.062412,109.73344,42.317097,35.278297,45.453709,58.338547
B_D2,JP,99.431839,98.34024,167.97504,65.667519,84.399147,276.40207,100,89.570305,120.84983,108.26746
B_D2,MT,64.017204,64.069527,77.05201,44.635609,62.125618,185.70564,68.4002,54.759892,65.952713,71.683685
B_D2,ES,56.552208,55.652542,73.148407,39.745495,55.502106,170.28633,71.032242,63.214851,62.041409,63.241512
B_D2,EE,58.728527,57.692238,77.680122,41.762177,57.364895,208.64555,78.18486,59.123333,71.624702,65.523369
B_D2,AU,67.739326,69.631966,110.2914,46.830982,54.714359,458.86615,103.04323,743.63733,92.411659,96.818375
B_D2,CL,37.257595,36.746475,42.342648,22.031214,34.145012,63.484459,37.832825,30.781651,40.429558,38.542839
B_D2,CZ,66.385391,65.087608,84.959175,46.223568,65.303818,209.9467,77.314919,60.496738,78.342247,71.651245
B_D2,FR,67.99736,67.271141,99.764366,48.135033,63.536884,242.04567,87.294998,138.07648,83.094124,77.009483
B_D2,LU,82.187561,81.952942,124.24664,58.693287,73.367615,393.11038,126.00961,346.96112,108.93523,98.648041
B_D2,DK,103.94563,104.14072,169.65611,72.745705,91.267838,568.82953,157.41541,687.7251,144.47342,130.31071
B_D2,HR,63.956284,63.145451,73.433243,43.660629,62.255646,175.65378,60.08606,45.503586,53.25547,70.079849
B_D2,US,86.954063,86.993645,145.19,60.023556,73.806122,399.11548,109.15625,437.01041,100,104.17166
B_D2,NL,96.732788,98.351128,157.45,66.754204,85.437347,511.22247,126.48022,806.91589,125.8634,126.99757
B_D2,CA,65.526619,65.578766,100.5177,46.344101,58.538071,316.82785,94.828423,296.19003,83.966263,79.301903
B_D2,CR,23.572802,23.872122,27.099436,16.602072,20.443626,82.587334,22.597261,19.133108,24.145294,25.67285
B_D2,AT,88.45607,87.112328,138.24582,61.846001,80.267975,356.75446,124.88122,227.43355,113.85385,100
B_D2,UK,87.364555,88.193504,126.71119,59.790844,78.060394,423.32541,101.97585,692.98944,100.47722,112.17049
B_D2,BE,88.184929,87.463638,135.10251,61.801037,80.41555,400.63876,120.31795,373.77356,110.97391,104.03619
B_D2,HU,59.727829,58.920731,75.662621,41.963505,60.368702,167.19313,65.073082,52.485489,69.989296,65.674744
B_D2,FI,97.051041,95.181023,150.72046,68.082939,91.54985,369.5925,139.44453,155.05399,126.53798,109.709
B_D2,TR,41.145359,40.586716,50.951694,27.553848,43.858871,93.284973,40.770866,30.32012,37.347893,45.90593
B_D2,EL,61.698406,60.503647,77.750206,43.750782,63.348434,180.0518,76.088493,66.356911,65.325966,71.042
B_D2,LV,44.72514,44.195145,54.667263,31.910139,41.49733,124.91624,46.463409,37.529503,48.426392,50.174362
B_D2,KR,102.77171,100.7837,166.0652,71.103439,95.788589,363.72449,126.39397,100,122.58523,111.08708
B_D2,CN,31.600084,31.290018,47.934956,24.072758,28.313013,100,51.469646,77.252449,36.258675,36.037266
B_D2,PT,58.92358,57.735748,76.776093,41.77943,61.524563,210.2849,83.269485,64.687447,72.645325,66.943375
B_D2,IL,88.072723,87.048996,148.51979,58.96347,67.841766,294.7327,113.40891,163.80916,103.41209,95.45446
B_D2,MX,28.236605,28.262213,32.68264,19.135555,25.727524,47.443657,26.163803,22.948112,29.331308,28.060736
B_D2,SI,67.444908,66.476379,91.207985,47.687893,66.714272,242.07567,92.35537,109.12932,82.924042,75.855118
B_D2,IT,59.29924,58.542473,80.694824,41.389744,55.11697,174.86641,73.427353,113.27682,64.913536,66.410019
B_D2,CY,60.406094,60.103821,72.435966,42.292686,52.078636,231.23712,87.584129,124.72485,65.072792,65.93689
B_D2,DE,88.486061,87.197311,137.39066,61.861393,78.56852,314.74173,119.36577,178.84572,113.40534,98.4562
B_D2,IS,71.67971,70.437111,114.17231,50.865288,66.143616,411.27722,125.5637,270.57486,102.46194,85.936256
